"formaldehyde", "formaldehyde", ""
"formaldehyde releasers", "2-bromo-2-nitropropane-1,3-diol, DMDM hydantoin, Imidazolidinyl urea, Diazolidinyl urea, Quaternium-15", ""
"Methylchloroisothiazolinone", "Methylchloroisothiazolinone, methylisothiazolinone", ""
"lanolin", "Lanolin", ""
"wool alcohols", "Lanolin", ""
"Methylparaben", "Propylparaben, Methylparaben", ""
"perfume", "Parfum", ""
"fragrance", "Parfum", ""
"colophony", "Colophonium", ""
"rosin", "Colophonium", ""
"toluene sulfonamide formaldehyde resin", "Tosylamide resin, formaldehyde resin", ""
"PPD", "p-Phenylenediamine", ""
"PTD", "p-Toluenediamine", ""
"butylated hydroxytoluene", "BHT", ""
"oxybenzone", "Benzophenone-3", ""
"Butyl methoxydibenzoylmethane", "Butyl methoxydibenzoylmethane", ""
"Octyl dimethyl PABA", "dimethyl PABA", ""
"Ethylhexyl methoxycinnamate", "Ethylhexyl methoxycinnamate", ""
"Resorcinol", "Resorcinol", ""
"Amyl cinnamal", "Amyl cinnamal", ""
"Benzyl alcohol", "Benzyl alcohol", ""
"Cinnamyl alcohol", "Cinnamyl alcohol", ""
"Citral", "Citral", ""
"Eugenol", "Eugenol", ""
"Hydroxycitronellal", "Hydroxycitronellal", ""
"Isoeugenol", "Isoeugenol", ""
"Amylcinnamyl alcohol", "Amylcinnamyl alcohol", ""
"Benzyl salicylate", "Benzyl salicylate", ""
"Cinnamal", "Cinnamal", ""
"Coumarin", "Coumarin", ""
"Geraniol", "Geraniol", ""
"Hydroxyisohexyl 3-cyclohexene carboxaldehyde", "Hydroxyisohexyl 3-cyclohexene carboxaldehyde", ""
"Anise alcohol", "Anise alcohol", ""
"Benzyl cinnamate", "Benzyl cinnamate", ""
"Farnesol", "Farnesol", ""
"Butylphenyl methylpropional", "Butylphenyl methylpropional", ""
"Linalool", "Linalool", ""
"Benzyl benzoate", "Benzyl benzoate", ""
"Citronellol", "Citronellol", ""
"Hexyl cinnamal", "Hexyl cinnamal", ""
"Limonene", "Limonene", ""
"Methyl 2-octynoate", "Methyl 2-octynoate", ""
"alpha-Isomethyl ionone", "alpha-Isomethyl ionone", ""
"oak moss extract", "Evernia prunastri", ""
"treemoss extract", "Evernia furfuracea", ""
"Almond", "Prunus amygdalus", ""
"Sweet almond", "Prunus dulcis", ""
"Bitter almond", "Prunus amara", ""
"Brazil nut", "Bertholletia excelsa", ""
"Cashew nut", "Anacardium occidentale", ""
"Chestnut", "Castanea sativa", ""
"Coconut", "Cocos nucifera", ""
"Hazelnut", "Corylus avellana, Corylus americana, Corylus rostrata", ""
"Horse chestnut", "Aesculus hippocastanum", ""
"Kola nut", "Cola vera", ""
"Kukui nut", "Aleurites muluccana", ""
"Macadamia nut", "Macadamia ternifolia, Macadamia integrifolia", ""
"Peanut", "Arachis hypogaea", ""
"Pistachio nut", "Pistacia vera, Pistacia lentiscus", ""
"Walnut", "Juglans regia, Juglans mandshurica, Juglans nigra", ""
"Sesame seed", "Sesamum indicum", ""